Statistical Significant Financial Indicator,p-value,slope
short-term liabilities (n)/short-term liabilities (n−1),0.02605279042512151,0.07060563250614432
Current assets (n)/current assets (n−1),0.04673353920650309,0.05647851966353179
Market capitalization/EBITDA,0.009685541230212048,0.027987725422588785
EBIT/equity,0.04168708599729639,-0.019497411083113186
Depreciation/net cash flow from (used in) operating activities,0.04127724941205822,-0.09047082946259277
