Unnamed: 1,precision,recall,f1-score,support,Total Model Accuracy
Transportation and warehousing,0.83,0.47,0.6,32,0.7967128027681661
Wholesale trade,0.8,0.64,0.71,187,0.7967128027681661
Manufacturing,0.81,0.93,0.86,570,0.7967128027681661
Retail trade,0.82,0.53,0.65,118,0.7967128027681661
Energy,0.96,0.63,0.76,38,0.7967128027681661
Construction,0.74,0.82,0.78,211,0.7967128027681661
accuracy,,,0.8,1156,0.7967128027681661
macro avg,0.83,0.67,0.73,1156,0.7967128027681661
weighted avg,0.8,0.8,0.79,1156,0.7967128027681661
