Statistical Significant Financial Indicator,p-value,slope
short-term liabilities (n)/short-term liabilities (n−1),0.028632018090280733,0.0695799012602083
Current assets (n)/current assets (n−1),0.04281925536070607,0.05691807580557332
Market capitalization/EBITDA,0.011858724366381473,0.028225404088719347
EBIT/equity,0.0431200968206826,-0.0197482868823456
